"node","_Intercept__estimate","_Intercept__p_value","neural_shift_estimate","neural_shift_p_value","poly_semantic_distance_3_1_estimate","poly_semantic_distance_3_1_p_value","poly_semantic_distance_3_2_estimate","poly_semantic_distance_3_2_p_value","poly_semantic_distance_3_3_estimate","poly_semantic_distance_3_3_p_value","neural_shift_poly_semantic_distance_3_1_estimate","neural_shift_poly_semantic_distance_3_1_p_value","neural_shift_poly_semantic_distance_3_2_estimate","neural_shift_poly_semantic_distance_3_2_p_value","neural_shift_poly_semantic_distance_3_3_estimate","neural_shift_poly_semantic_distance_3_3_p_value"
1,0.556548367531115,5.35213038924314e-56,-0.0075249393336786,0.757644557732503,-0.822696601018801,0.434626150394016,1.13749134686524,0.28651496762228,1.52481313188595,0.185584492608575,-0.625151217135608,0.529683835735038,-0.511234595796787,0.61416256183331,-1.44080633924723,0.177601736501271
2,0.525268310674555,4.43153410526487e-51,0.0281119884188467,0.0347702140405066,-1.80278616182956,0.00123048288721286,0.850187719142798,0.126966771812123,1.77421281074846,0.00213259799989441,0.456240653250037,0.395513949081916,-0.261905624985793,0.632081635281583,-1.90120844098383,0.000455871246512448
3,0.533403795739402,3.58360779321006e-56,0.0176728589290826,0.341351801596755,-1.15760956300924,0.124182086797029,0.737874753812575,0.328434680364288,1.02882563843482,0.208605186480961,-0.340563178992782,0.663748902677386,-0.149571890446234,0.850525917707239,-1.11329946194795,0.184193365943906
4,0.543688591923782,5.33368276356745e-56,0.00527699665864334,0.734410280459188,-2.18315623495067,0.000774655226387183,0.544338605513044,0.401068267092981,0.379199199369231,0.581288722389571,0.770292280438939,0.215008993119655,0.0325058787814169,0.959524825146938,-0.415451367334586,0.542817030786187
5,0.545779049173915,6.33665011741829e-56,0.00294804526793261,0.856706731738276,-1.85665732339602,0.00521569561791373,0.320720316723191,0.627633689444906,0.81160733987283,0.251900168094688,0.455316173299717,0.497553740232851,0.301331377947942,0.65943981297716,-0.917544441990126,0.20621012037639
6,0.540236487866232,3.29761731223686e-57,0.00896769838163783,0.60241531086792,-1.37915141495251,0.0517209201793951,0.526133190882191,0.463550574790407,0.835588237403301,0.270462018353829,-0.0922942618624791,0.891912554042666,0.0729692139297878,0.915659733751577,-0.842919098508969,0.238033800399067
7,0.529622976182918,9.27850503274736e-54,0.0217283200192144,0.162790894335824,-1.50717903647858,0.015059629669492,0.272540489516637,0.655794254624507,-0.15464200030669,0.79704778172211,0.0401978427608734,0.94802372021347,0.335822915310082,0.588512678154826,0.162678113062755,0.789891582838515
8,0.531686576167715,2.67151962931183e-52,0.0212066553363307,0.158908295960641,-1.41746488247844,0.0178415377624766,0.507676157182214,0.394773501899175,0.41275767450569,0.519947609317402,-0.0537898961434195,0.93147111873415,0.0581203421090258,0.928011019339521,-0.492425711965502,0.472196879335529
9,0.531356438026179,1.91749107873863e-54,0.0190861604434246,0.213184780909939,-1.33643101967143,0.0387600514353668,0.844966307809793,0.191948482204109,0.685096392477409,0.309118753903021,-0.140872289045844,0.823136714121566,-0.279258040586174,0.665229435300668,-0.736474950304962,0.2687552826228
10,0.547480164951743,2.09747604467737e-56,0.00130661469306855,0.927898726999033,-2.1635314209109,0.000720544995240922,0.463656843787659,0.472682133830706,0.630492804323855,0.358592098635772,0.710807284401362,0.226942454321129,0.125944001161453,0.835023580138854,-0.608502074528738,0.32785110522393
11,0.549431310162036,5.67487905066108e-59,-0.000560178931180574,0.976145620808044,-1.44795480535369,0.0708960602936389,0.444145783181139,0.586468373680892,0.881494025618906,0.296133807706696,-0.0184203870184664,0.980680386937494,0.159282782294967,0.837168335861608,-0.878872450957444,0.268748441540527
12,0.554321947685333,4.65026327989665e-56,-0.00575016709103321,0.6803832637667,-1.61459447128971,0.0082284943837505,0.396751319195607,0.513515645142427,0.558132670721181,0.369430311630729,0.14001986798644,0.806451788016392,0.209894890181677,0.718326991707148,-0.574248826090306,0.322440134766764
13,0.545518162865982,2.30156326269937e-52,0.00306826526126505,0.77906759895005,-1.80728676064623,0.000613437954259643,1.13759335682463,0.029800504050088,0.452197265925959,0.402338756030485,0.340530206980201,0.437323442414293,-0.550064001729553,0.216766449343992,-0.412085855639033,0.366732151065837
14,0.55187318350903,1.09944983153246e-51,-0.00359809819636008,0.763394955292944,-1.56792614241688,0.00193361221130638,0.506871357107384,0.303770906420459,0.228761512336378,0.646424266769842,0.116679669875868,0.80791408873454,0.0843858421823152,0.856170433906374,-0.242042250353599,0.588898938225891
15,0.545928522347497,1.23917009909185e-56,0.00294478240518436,0.849389601103588,-1.72771977251797,0.00981179444446136,0.368246165940843,0.574381199733234,0.053860427583804,0.932497207184901,0.279101283211465,0.666982559345586,0.232566080813552,0.723383167923958,-0.0464786032146264,0.942488598048391
16,0.533632573216294,1.02961329095719e-56,0.0160987943385733,0.337527998440829,-2.44204404912555,0.000619180713556654,0.686338155836054,0.338081821240732,0.880628681416401,0.254279697990725,1.01733951352251,0.131718682786896,-0.105614302296326,0.878986586327499,-0.893219634728325,0.223793706177182
17,0.547638201047736,1.93562368515511e-52,0.000832267517152771,0.946547725992991,-1.74128773283687,0.00149474031773115,0.0825802104329225,0.876595299599432,0.510091844815783,0.366370164847744,0.309982231970571,0.544599680967692,0.542842890412852,0.286978739234059,-0.528218015357137,0.329350375862018
18,0.539969981684594,3.40512279195682e-54,0.00967445841502088,0.488028445588077,-1.84647220582459,0.00174728472204076,0.816693017856917,0.152741908745162,0.530389292757731,0.375511071745209,0.420599919073773,0.450021363042452,-0.251861072910017,0.64270523198308,-0.542138288677821,0.322166734717063
19,0.553389931438964,4.24840381283506e-50,-0.00566950101540242,0.596256609184595,-1.68185189877172,0.000479023330101416,0.231094246094494,0.62670510206735,0.284989326767261,0.568652662473087,0.257941626191554,0.55592820866439,0.40401991418582,0.359601841003778,-0.307041326320013,0.492335522953902
20,0.550379166906605,5.29715899748884e-56,-0.00191520252694441,0.88885115113075,-1.67575039134156,0.00665293211874537,1.0922583022924,0.0755085767398337,0.83831600327832,0.198454164164287,0.208758771544133,0.706378375939741,-0.523151460811895,0.350697643584841,-0.820517781663929,0.159499285794603
21,0.541402916301287,6.41606493269974e-52,0.00809214703072867,0.517329119580406,-1.77673152779996,0.00105685943738234,0.225032365866638,0.668098398101995,0.0281470861922679,0.957175832602649,0.341041167449498,0.502370450895954,0.402330391219966,0.426432290611541,-0.030180114689173,0.953176215001293
22,0.536590492154593,1.82641073640181e-55,0.0132098774541707,0.383243028813753,-2.27423508136729,0.000605535008635843,-0.880188450247138,0.180100269972293,-0.161814902909138,0.812799950531163,0.883612227071869,0.159407425718756,1.57235332565037,0.0129968088022379,0.223440345317271,0.734757515722803
23,0.55028442651338,1.35674381270871e-56,-0.00143636294433496,0.925626653589377,-1.72167168883304,0.00829490581153819,-0.0687544087826533,0.914217115568847,-0.0389860949683787,0.953379506445386,0.284351539154442,0.656913116820282,0.714101240280225,0.259575866161936,0.0608674374150156,0.925360644164454
24,0.549138847450042,3.89674434069786e-56,-0.000269319546660096,0.985425448826482,-1.77256013457664,0.00459792026545876,0.160578266783355,0.791170670269775,0.513164172629936,0.388347208409539,0.305350791703046,0.609590175619118,0.459415403701277,0.440290513231523,-0.554826085176351,0.346503543916916
25,0.531248927950555,4.19264141740375e-56,0.0172462682631755,0.413251095689687,-2.10518433981569,0.0161729769387087,1.06379893292407,0.21645321955555,1.40695378883159,0.122645554337571,0.631118671179535,0.447696008257365,-0.488095327776599,0.553719782297891,-1.39321448444412,0.10727763095356
26,0.544881613407698,3.80403754945705e-58,0.00429481970956264,0.81553213067581,-1.03701877252573,0.176532490881618,-0.431671796024727,0.564929891385214,-0.159610427937478,0.832863251170899,-0.463447547881463,0.53492349361495,1.0883360725173,0.145439740527459,0.180447637703414,0.811726114548342
27,0.543430445647047,2.76395315498557e-58,0.0054306456399259,0.752755354485746,-2.55490836625057,0.000647052519927638,0.465086037237615,0.524724468208961,0.394767607651637,0.595567086977213,1.09844157241602,0.112498868377265,0.116731382148994,0.86405075148659,-0.384920478630281,0.566805551347113
28,0.543299859316907,6.7535084358756e-58,0.00556568434534842,0.749590957263577,-2.82235979153939,0.000157651960693018,-0.149058585665193,0.840797700771746,0.113140978455312,0.884544023808241,1.40038247709983,0.0479586969080504,0.752854293077722,0.293201921955842,-0.11207608526525,0.87909845146888
29,0.533636155640254,7.99911023835929e-57,0.0152144923585947,0.456390015670987,-2.53327252905366,0.00348806352894998,-0.235094156384091,0.787455144019363,0.77464702726099,0.374997449169849,1.05241641521017,0.201629453896781,0.843548553799786,0.314170571522682,-0.781173819090965,0.335057069569978
30,0.533283084139465,1.84133146352098e-53,0.0165273556963268,0.234986614856085,-2.26125096512278,0.000174616333727725,0.254567666869401,0.664659205569539,0.388862983528121,0.524526004455262,0.868132727549544,0.131662978735362,0.371722226336735,0.519207406590395,-0.383099533026766,0.523352640747274
31,0.539566173913248,7.51018759325951e-45,0.00846617496639583,0.766930986200129,-4.54917260803777,0.000449969890029192,-0.0975590964619802,0.938302226717167,-0.0160460597452286,0.989276929182778,2.83885218954691,0.0143983713745432,0.630210813963682,0.580459846060895,0.038865531396476,0.97187296451982
32,0.558536774787754,6.1963888193654e-47,-0.00940377876904638,0.751556295309632,-1.64313240668353,0.18155816288646,1.70884338865114,0.163250723155302,-0.0729117533250953,0.956155015446394,0.174470494844417,0.877724869685885,-1.07963399946905,0.341692509057726,0.0860322594972604,0.942786321550135
33,0.544555241760037,8.1650293733901e-55,0.00409892171923383,0.857116256159012,-2.28675364211054,0.028097533946438,2.21397409862771,0.037748891596009,1.3794220429863,0.213257925224104,0.775887973909706,0.4029568706111,-1.50643424450656,0.114385124702971,-1.22783546311837,0.206529664928629
34,0.547317260755132,3.41877827462471e-55,0.00188422535069733,0.890811998278118,-2.59572963758417,1.00920493889818e-05,0.604920975572302,0.290538571274681,0.625294741481122,0.309976659534143,1.20728874053873,0.0274528641952828,-0.0346772563576219,0.949805371171255,-0.641009207814739,0.277867545578503
35,0.547352103830517,1.73027419545292e-58,0.00208052325945321,0.901266003561014,-3.32367357889159,8.65217194868602e-06,-0.350455493597079,0.632133722354143,0.41601092987795,0.57666646248899,1.87525748077434,0.00639906631369814,0.94051851069549,0.167440925959333,-0.391496935918289,0.565942987674429
36,0.543699384751534,3.39627553167169e-55,0.00582249462662473,0.665374521920768,-2.11221667235958,0.000410667362901139,1.07324456323064,0.066691806328257,1.37713488379983,0.0187573218153397,0.691801250432581,0.193333420876096,-0.466257944205287,0.370893203197076,-1.28959605360894,0.00813942342708009
37,0.53516249862073,1.88274531617792e-57,0.0135856404847519,0.480074031775757,-2.19166946552472,0.00846358122055014,0.593224091868288,0.488104240561351,1.06887209224586,0.233247201054122,0.727575098094367,0.346294634190505,0.00398900190432716,0.996039099380722,-1.03474492899352,0.208424519560269
38,0.5226424817309,5.66805283527162e-53,0.0243023198551014,0.2593834195054,-2.86522900476258,0.00258177203626557,0.89722522111818,0.352373013756498,0.642977866558753,0.543933823250834,1.31635083398015,0.120484871298944,-0.302093145695502,0.72682454357462,-0.59490653069432,0.5304333890766
39,0.563217879507663,9.30477507887075e-60,-0.0135223032274507,0.377593869029056,-2.55765479872934,0.000203956000462671,0.829791854250823,0.219412836293478,1.01662237588896,0.160250429712831,1.06729700000143,0.0757402104811631,-0.224095249414106,0.702187693763563,-0.917401892100442,0.129382481915071
40,0.554853071643993,5.39241840986723e-59,-0.00628901198889248,0.701356782128785,-1.84546292656103,0.00795470531474671,1.07293246691543,0.130042567970701,1.09472273533419,0.154114562289834,0.381826761553431,0.55599243338272,-0.507204667377425,0.443356235042242,-1.06084393961466,0.127860334821954
41,0.547719699209539,1.46927904686302e-58,0.00194623514744583,0.904446685977842,-2.65387570365685,0.000175982227255694,1.21264565137092,0.0854886477506862,0.954693376702152,0.204168113318178,1.19554655169495,0.0627185362677942,-0.615761949519442,0.338389995069656,-0.892775142371168,0.178254035921983
42,0.53425558043331,1.67204119089754e-57,0.014611366758583,0.423091259087614,-3.18297393177274,5.7426193700909e-05,0.27007616066779,0.726591108555585,0.800678888414504,0.315364073496362,1.68195856661106,0.0186046909030586,0.306139311319655,0.663637083398862,-0.750068022338693,0.294409545255134
43,0.550711399313537,3.60691767417778e-59,-0.00130468795331324,0.943531497562955,-3.11474934420959,9.63984223141117e-05,-0.359687057136406,0.65918029512312,1.35720535177188,0.11603100983301,1.61625968818423,0.0242116716644005,0.89942238299513,0.223649865207718,-1.25906697735913,0.0995660791639672
44,0.542651063858179,1.75029782589198e-58,0.00561492117086569,0.757353167976899,-2.55955522460252,0.00230958455368087,0.74078449202541,0.379305573771193,0.569048740354478,0.521823428385542,1.03275406366175,0.163009962012065,-0.15158694259232,0.839157958847279,-0.52414114392823,0.501403740463063
45,0.564750893019343,5.71625178637503e-61,-0.0143655724113074,0.455310148579805,-2.14202296340729,0.0173318363977809,1.41911774772791,0.11876935405789,0.904203897183772,0.337275578921202,0.633866641854122,0.415115984207796,-0.751867456999771,0.339343497370436,-0.786236293371881,0.323987248335627
46,0.540544141584476,7.46619502640707e-58,0.00790104706515562,0.645072908666734,-3.34028765295002,1.4351978632213e-05,-0.271000141604493,0.725991216395469,-0.392128572660151,0.636986357800479,1.78484438539627,0.00860061068045981,0.774335476397203,0.256282715868334,0.308369388990079,0.662805714088
47,0.55342197961224,1.47017178342474e-57,-0.0043221164628136,0.765686914626572,-2.56065710601774,8.40848990870227e-05,0.667583168602599,0.308451960677565,0.894049106777187,0.205276501007474,1.10515366379731,0.0541695778705281,-0.0702896357924656,0.903102418300372,-0.833448962472997,0.160371069609098
48,0.559388682386317,3.15760483590801e-60,-0.0100968585953377,0.570248015005565,-1.95053516866352,0.0150594250153433,0.408354923920565,0.600042684223319,0.748344141283388,0.352463451585608,0.469038256046292,0.520791739252996,0.180798320300279,0.798619291414267,-0.701617127188141,0.322154763737873
49,0.544689053995259,6.47587025147091e-58,0.00383703907731578,0.813061134001212,-1.30033504218506,0.0820596058941097,0.317036096921559,0.682804949189501,0.204987491140878,0.801052626852822,-0.155998617247,0.811210697046889,0.252026752056776,0.709360511010809,-0.183579966110107,0.787712948507617
50,0.537699863590702,8.15613873906415e-58,0.0110617996312748,0.544823324936347,-2.03097374154293,0.0112184620611001,1.07477457041012,0.191172930279737,0.894099759519893,0.299075116041944,0.566435790146086,0.442957339610809,-0.481784377812389,0.528015920743421,-0.860455687377358,0.274440323913481
51,0.562434791230035,1.17974199834101e-48,-0.0138005524755878,0.649642389742152,-1.98153279047077,0.120663240356993,1.27559859420725,0.327720253729007,2.16618827536303,0.111888172269158,0.516841974904609,0.673739369058409,-0.700086218320804,0.580216918665095,-2.15357764524708,0.104267778621272
52,0.539160174227734,8.58116270112968e-52,0.0122180446588518,0.389976367188039,-1.61932188673733,0.00336094965897394,0.742424863729251,0.16906661114086,1.25169899227496,0.0237165625168185,0.19710173967556,0.732507199585695,-0.211836009702527,0.71278490581101,-1.54147547631154,0.00926761778818697
53,0.540897339524398,5.10416008569613e-56,0.00888081074022714,0.585384990150858,-2.20311154331656,0.000928887802752153,0.308140560981909,0.640984810854313,0.62682055020215,0.342530181205119,0.808220989017343,0.218474097109336,0.283459374833065,0.675039425878876,-0.696369176241688,0.309693827968788
54,0.534154032954094,1.05803760647461e-54,0.0167437591839879,0.292140079667187,-2.39912369946096,0.000195763545088552,0.824530198822217,0.200957188341862,1.01418425939416,0.141198189197767,1.08849542701039,0.0965417360992626,-0.284941801464079,0.669247092756476,-1.14729454301443,0.105597771919136
55,0.539449325562855,2.68116243020316e-55,0.0113489863483002,0.513486881520146,-1.34661486862723,0.0346699086861956,1.38940682739011,0.0233904793854044,0.560965028721386,0.347321783359103,-0.139173652886429,0.839991326007643,-0.988328121541406,0.144363219710726,-0.69531393167853,0.301152432447148
56,0.5423752893264,4.79820062849212e-58,0.00668519896108263,0.715279144271581,-1.5292904905799,0.044295411088331,0.657692107576943,0.395855069649538,0.89106621940482,0.266448333794363,0.0580883979766138,0.936562146246123,-0.0599555535114418,0.93679868116107,-0.907726348646014,0.239023765209953
57,0.53133926814897,3.49756768683841e-52,0.021324840032842,0.145185928088584,-1.92520024908846,0.000836785176115833,0.50768870986113,0.368028050724083,0.2642705700003,0.648363185955817,0.553642864307274,0.347721955895134,0.0511210061853767,0.930079283318062,-0.331933347335178,0.570118231809982
58,0.539639831357278,2.46274751853881e-53,0.01123621907801,0.447157010391387,-1.70364732649931,0.00331400352429018,0.831723934588713,0.138928492953025,0.576752598810817,0.314569181214319,0.288123843805483,0.625291827363838,-0.326675872524892,0.579545171086187,-0.692584791005422,0.249179254953487
59,0.545189927506897,1.28836693412823e-57,0.0037069984566089,0.811663717901638,-1.52970606928246,0.0306817865121567,0.40467021529773,0.571736568135037,0.762099964416341,0.311638543740561,0.0473557337721963,0.940228170717239,0.190771332098524,0.768257092905936,-0.725230481831979,0.275006125489966
60,0.522613114819505,3.9852761276854e-55,0.0260704972315562,0.186459481767992,-1.4845285708324,0.0802611178095248,0.748146211408661,0.380392756301371,0.746099918432548,0.379539237344634,0.0120377387033593,0.987742879629168,-0.152711036463671,0.848052957350904,-0.716239293241075,0.350546481167316
61,0.54702253557242,1.3613696148866e-54,0.00194374177119229,0.878386709076769,-1.53703682750911,0.00896415173896861,0.475307895215418,0.422516478646674,0.527900328871966,0.375382446946244,0.062006734617603,0.903870227407318,0.132056437894655,0.79980604769072,-0.503852087728731,0.313018372964474
62,0.546869285509362,1.00912077478864e-53,0.00189187495906256,0.867391370557048,-1.71666901609437,0.00169361114230359,1.29080197784855,0.0179239513183021,0.713688217858911,0.189117901752937,0.259884263383786,0.558476993151078,-0.640150708201016,0.150246428226998,-0.591330407904923,0.157184370938067
63,0.541834584602855,2.38317780230281e-53,0.00687475002222049,0.562529532848886,-1.73051751583894,0.00197896243672118,0.769384815064015,0.171516203511363,0.361549880652102,0.540825286014707,0.265085218463178,0.574172609449918,-0.175576314495037,0.715819428094756,-0.33315751447905,0.501302840488505
64,0.528848963312955,8.30868750645957e-53,0.0204963043375064,0.126535285088734,-1.94502735516601,0.00108466822392528,-0.154684692351106,0.790466851751731,-0.365281304449472,0.541309436199428,0.473301632121384,0.380689251379884,0.749181260407735,0.161730372418275,0.32722540668647,0.544191706311305
65,0.542292117504109,1.10127101119372e-50,0.0068555399982461,0.532707975696503,-1.68021457007854,0.000811846657123358,0.543016354866805,0.266393427051521,0.302663232700526,0.541826770484753,0.207417296362361,0.636515773274302,0.0542177332333734,0.902517476316084,-0.342567438348044,0.467173720163374
66,0.528305875227775,4.99740536619456e-56,0.0204996551799549,0.214382386418117,-1.64025261331998,0.021640771824257,-0.267746382989669,0.704503421900635,-0.359728644186751,0.616651163386672,0.166311482163075,0.799827242108335,0.870737011247969,0.189413535378352,0.357483820896586,0.597026035661849
67,0.533100595582977,1.40721766777596e-56,0.0168226789564048,0.348784763895828,-1.31452232875936,0.0814277220156873,1.09902857711238,0.146464677835484,-0.0758558982297356,0.926405338101685,-0.165097210241213,0.823054288641178,-0.565408301356781,0.45569233787364,0.0711419953073731,0.930101399227983
68,0.547621880890721,1.13591104779748e-55,0.00111915605540721,0.939328227059707,-1.50618296949109,0.0143192064866449,0.000947510230444463,0.998740187480561,-0.00328945782899823,0.99574070861236,0.0246872195660998,0.966036509983632,0.628955325993479,0.274619043180445,-0.00437071763697231,0.994045144263205
69,0.540422614483303,4.47994282949025e-52,0.00913998014534176,0.4643463806004,-1.86054355465792,0.000672429871865033,0.554665654899895,0.295356426347705,0.297633765550889,0.588211925059776,0.427912185239553,0.399726496154745,0.0251336925859792,0.96075348826398,-0.312229069858669,0.54692158478488
70,0.540701709935511,5.847510287298e-53,0.00927720606244638,0.482827005895296,-1.78325896466439,0.00122395961678701,1.11176866726126,0.0358290057085044,0.801250230136575,0.143154258413457,0.378021706073423,0.464755838182734,-0.582145070532846,0.237297815519269,-0.816537680058745,0.0895049298909464
71,0.543024204800786,1.21716597112052e-55,0.00585702327620671,0.692430557158465,-1.94645040244192,0.00181864982937705,0.562261601424146,0.363971039104035,0.815346561345846,0.205850819244115,0.501193489897633,0.397567497268723,0.0315049578989518,0.958092730009571,-0.858051949223554,0.167902306759042
72,0.538769365737176,2.63104279646911e-56,0.0107325752798619,0.508182146938889,-1.74412047427833,0.0127896181895634,0.232841546192683,0.736302742957373,0.267781846561208,0.711833623658154,0.293891266623804,0.664946866145448,0.369520374158317,0.586281054640551,-0.284158938245457,0.687391729975279
73,0.54293866173132,1.10412030590407e-53,0.00628370463124543,0.643647612350072,-1.82260612930373,0.00182564127573701,0.238165535698625,0.678077497763167,0.207811178404509,0.719077446037011,0.378295096750536,0.49632832472388,0.385021358792103,0.488042804511387,-0.230142075570204,0.669982482014893
74,0.544793914096524,4.13688513814195e-58,0.00398474194483624,0.824220106944842,-0.924936900270616,0.226138409001567,1.0459498673479,0.174068068613558,0.796655891116508,0.344770177581615,-0.556624959205037,0.442278262662723,-0.461004556848203,0.528696166279132,-0.786571072217988,0.320276055314443
75,0.549691690839266,2.49440670471387e-56,-0.0011856061455648,0.935930442804676,-1.48413452938621,0.0200818809314094,-0.348279631770191,0.578585887390828,0.657383884801282,0.311806418523638,0.0153087418842491,0.979379641250885,0.968632717239562,0.101888380458701,-0.648771498464041,0.28091113406084
76,0.554858692013359,7.79684307607612e-60,-0.00637773127011664,0.749513419475338,-1.49012824070675,0.0745613418879103,0.545511783398108,0.515819885435228,0.409587655121674,0.634978899010961,0.0179128391444557,0.982342641997694,0.0280831785215589,0.97275323791033,-0.417866984827416,0.620308732524547
77,0.530058077614505,5.20246506899328e-57,0.0191890902434758,0.294095647844895,-2.70997588817987,0.000673245989157621,-0.186287093287375,0.811270702511961,0.814656035418523,0.319198745247798,1.24186704950425,0.100095760292681,0.799001794044811,0.29181881211914,-0.82448861587325,0.287764029866899
78,0.533603791942044,5.47834130972003e-56,0.0157335160003197,0.331748330557076,-1.89402053312687,0.00630013891055789,0.264755282890102,0.700119290181145,0.0982738767873406,0.887801364638854,0.439170217148179,0.509176064129441,0.33563518159618,0.618458181318787,-0.0916711123162509,0.892112564107002
79,0.546857916019055,1.2747123113789e-48,0.00211052840990121,0.937175765262973,-2.43516288877523,0.0461921008464174,1.81590648994011,0.133035682961312,2.69203324630949,0.0317085256028527,0.905543605103324,0.404059166257117,-1.15858380602773,0.279962898163249,-2.44870707902973,0.0262802592293034
80,0.610607426587453,2.19272886905381e-53,-0.0592123188285799,0.0511656299972811,-2.10889639911349,0.108574253071799,2.54241149284806,0.0555530797232292,1.01792254500638,0.473901140042109,0.605498331796922,0.619635350724609,-1.88742718646469,0.128969503057293,-0.952657759857846,0.465695977958834
81,0.533728869503395,1.07006331117281e-54,0.0155466865062314,0.279544620168422,-2.09216104339358,0.00101281368214362,0.358712137523715,0.551205273665615,0.672244448965961,0.261435121910393,0.630814405188045,0.280145993187392,0.235047496969244,0.677897665995375,-0.666084779828074,0.217182821167276
82,0.539646141048956,6.09998306733822e-55,0.0101802377558259,0.459654877494426,-2.34169583244032,0.000121048406725387,0.960733792413791,0.10391388630086,0.740240671363319,0.213114770719291,0.932441721428317,0.0884239565570502,-0.376998408295072,0.476770348766574,-0.695702021321644,0.153751235525844
83,0.533319287910313,8.45664758380325e-57,0.0147147055823846,0.44124648447466,-3.36790373367402,0.000105734794926048,0.919993842677372,0.293971290771987,0.457901361076154,0.609806921885377,1.80645321292766,0.0189027986309591,-0.329979821132301,0.672923824547804,-0.423022523395828,0.583119081487008
84,0.53699138865181,9.85238558510788e-57,0.012126673253688,0.449973146282058,-2.42091636239276,0.000628240989654419,0.763204915506676,0.278390071531707,0.112786037595869,0.877346508936047,0.961113407392891,0.13441097901561,-0.192277993494765,0.765399860122938,-0.122616759694762,0.848924022150948
85,0.543301015208561,4.74757347829073e-57,0.00553235169826165,0.724627187642395,-2.46896706238615,0.000383937319601489,0.330294813681376,0.627288406074503,-0.190252578920913,0.787073441266156,1.0200189358741,0.10958698693681,0.245303978462423,0.69918585109594,0.193269191512118,0.759879484317781
86,0.543416887292322,2.95938965247352e-56,0.0058330897834992,0.690556626638566,-2.55429034762439,8.19545534955136e-05,0.863291240498253,0.178695804739813,0.913719269475888,0.168673218929592,1.13315106550728,0.0547506582381589,-0.283649906274351,0.629749666662738,-0.886927558846547,0.125751864119563
87,0.514965664348291,3.89752316736609e-55,0.0347419703625689,0.0700055954213262,-2.56146941777532,0.00154817513870028,1.56467514467531,0.0538488620755189,1.10104518218173,0.161830257465262,1.13909606498564,0.136929034591184,-0.990408012883614,0.196890888563134,-1.06207900608805,0.136527838049357
88,0.553911551802174,9.42789476397876e-60,-0.00534053971730792,0.778556937089163,-3.05246941509753,0.000123279700780951,-0.0764143596015823,0.923384774196546,-0.0571747162375968,0.944486443579271,1.60933952469048,0.0317710003319777,0.654440302168045,0.39076739810531,0.0679012378876304,0.930460746347325
89,0.538358106790776,1.47372294902485e-55,0.0114144261042618,0.444396016620473,-1.99092007623878,0.00172331545594494,1.36238714830211,0.0312606567446129,0.869109198294715,0.186886899139389,0.572891081359249,0.334208362939566,-0.832903431329861,0.166444422235017,-0.872253045543046,0.146715769687597
90,0.544414736103377,1.14993919037487e-57,0.00452052704699587,0.772486386627015,-1.6917203386079,0.0141885868376229,1.38670008730525,0.041843143809643,0.701095956389268,0.317114155363495,0.246074730365612,0.693302430835995,-0.805249470593425,0.195461493990756,-0.670215898547651,0.287187619736926
91,0.575855956208468,3.30768741191853e-62,-0.0254361517112984,0.193899703502796,-1.56756615781355,0.076624688042891,1.42557919966419,0.1237491395674,0.590277295831066,0.549198198831953,0.102572768805573,0.895314193743054,-0.789725812433779,0.342039592054449,-0.540595743804554,0.541474986738675
92,0.543876337624892,1.91788316681294e-57,0.00453213940882856,0.823007567764002,-1.7428373294072,0.0562095559643948,1.49563944160029,0.113953054554245,0.803509143975642,0.420103165041998,0.268626963560854,0.742206154299961,-0.864946588278539,0.31068768672747,-0.735958217798485,0.407008047973843
93,0.532615073441503,2.68572430248915e-56,0.0159887068628257,0.323471156017731,-2.18471156761291,0.00248534483614857,0.427764427315512,0.549929084621102,0.253634395081357,0.731937873408412,0.715821150832098,0.267590729985798,0.142013559954182,0.823190647150819,-0.243096196302501,0.696429846595984
94,0.516305086634126,1.00020238554961e-54,0.0311916710568084,0.0969348554567808,-2.46053752098906,0.00397256654773186,0.445966647940947,0.590968966381302,0.718142656480924,0.401805296131707,0.944671763469606,0.21365549926639,0.104722532311385,0.889609199174501,-0.687556286635788,0.378827349452937
95,0.54297453645661,4.86340257092411e-58,0.00556128152567038,0.737667282206195,-1.82032780423927,0.0166905149412951,0.598237891390232,0.431554268678704,0.444705298106988,0.563275923290733,0.345274990682655,0.609519048714806,-0.0272196724410673,0.968252844660513,-0.418000483623169,0.538660404375736
96,0.549855818555253,7.18377681330505e-59,-0.00113455736960055,0.95339987482564,-1.79687922937728,0.0404324310814325,1.19795570824227,0.177612360350056,0.227263575020545,0.804601185697474,0.315246518183011,0.684775411711085,-0.586268443893154,0.459473896044842,-0.212179315306481,0.792787550384461
97,0.539458478710738,9.14764171427545e-58,0.00921578054128358,0.610799468843998,-3.0803469885751,0.000147420515583018,0.631062351775452,0.441823060414522,0.35699708928907,0.676884538098328,1.56664911352683,0.0315253258229854,-0.0637202214218748,0.931682046903513,-0.349307163606643,0.645076593768755
98,0.541388676802707,8.32050848753181e-58,0.0075602989812554,0.657762267723983,-2.28555137443687,0.00204184271071509,0.848822748150561,0.247757704810502,0.147771855183977,0.83993848178171,0.831331718977832,0.224622762604815,-0.269387984576746,0.692754341276764,-0.137020105321289,0.833960881599274
99,0.547824101366187,6.12221038456772e-58,0.000539533345754231,0.971936616225056,-1.20984119270715,0.0839482949491578,1.35915225067121,0.0595879951521037,1.08514103855303,0.164689737538808,-0.24973536576584,0.68187034203077,-0.753792321726944,0.235515841103326,-1.00492631267422,0.140202513738931
100,0.529352486301284,6.78837605713606e-57,0.0199448168186023,0.280704662852904,-1.89163188699168,0.0171646471535493,1.48108087312927,0.0701771029393822,1.27098380857069,0.13623725965967,0.440091737456203,0.550249081880366,-0.895789915707579,0.24326414618557,-1.23701012860061,0.116486186152329
