"Node_Number","ROI_Name_7N","Network_7N","Node_Number_17N","ROI_Name_17N","Network_17N","R","A","S"
1,"7Networks_LH_Vis_1","Vis",49,"17Networks_LH_DefaultC_PHC_1","DefaultC",-26,-34,-17
2,"7Networks_LH_Vis_2","Vis",1,"17Networks_LH_VisCent_ExStr_1","VisCent",-26,-77,-14
3,"7Networks_LH_Vis_3","Vis",5,"17Networks_LH_VisPeri_ExStrInf_1","VisPeri",-17,-60,-7
4,"7Networks_LH_Vis_4","Vis",2,"17Networks_LH_VisCent_ExStr_2","VisCent",-27,-95,-4
5,"7Networks_LH_Vis_5","Vis",3,"17Networks_LH_VisCent_Striate_1","VisCent",-5,-92,-2
6,"7Networks_LH_Vis_6","Vis",6,"17Networks_LH_VisPeri_StriCal_1","VisPeri",-12,-67,7
7,"7Networks_LH_Vis_7","Vis",15,"17Networks_LH_DorsAttnA_ParOcc_1","DorsAttnA",-47,-71,11
8,"7Networks_LH_Vis_8","Vis",4,"17Networks_LH_VisCent_ExStr_3","VisCent",-25,-88,20
9,"7Networks_LH_Vis_9","Vis",7,"17Networks_LH_VisPeri_ExStrSup_1","VisPeri",-6,-82,26
10,"7Networks_LH_SomMot_1","SomMot",10,"17Networks_LH_SomMotB_Aud_1","SomMotB",-53,-23,8
11,"7Networks_LH_SomMot_2","SomMot",11,"17Networks_LH_SomMotB_S2_1","SomMotB",-37,-21,16
12,"7Networks_LH_SomMot_3","SomMot",12,"17Networks_LH_SomMotB_S2_2","SomMotB",-54,-12,13
13,"7Networks_LH_SomMot_4","SomMot",13,"17Networks_LH_SomMotB_Cent_1","SomMotB",-55,-8,34
14,"7Networks_LH_SomMot_5","SomMot",8,"17Networks_LH_SomMotA_1","SomMotA",-39,-23,59
15,"7Networks_LH_SomMot_6","SomMot",9,"17Networks_LH_SomMotA_2","SomMotA",-6,-29,70
16,"7Networks_LH_DorsAttn_Post_1","DorsAttn",14,"17Networks_LH_DorsAttnA_TempOcc_1","DorsAttnA",-47,-58,-13
17,"7Networks_LH_DorsAttn_Post_2","DorsAttn",17,"17Networks_LH_DorsAttnB_PostC_1","DorsAttnB",-57,-25,39
18,"7Networks_LH_DorsAttn_Post_3","DorsAttn",16,"17Networks_LH_DorsAttnA_SPL_1","DorsAttnA",-24,-68,49
19,"7Networks_LH_DorsAttn_Post_4","DorsAttn",18,"17Networks_LH_DorsAttnB_PostC_2","DorsAttnB",-42,-34,48
20,"7Networks_LH_DorsAttn_Post_5","DorsAttn",36,"17Networks_LH_ContC_pCun_2","ContC",-6,-60,56
21,"7Networks_LH_DorsAttn_Post_6","DorsAttn",19,"17Networks_LH_DorsAttnB_PostC_3","DorsAttnB",-22,-51,66
22,"7Networks_LH_DorsAttn_PrCv_1","DorsAttn",33,"17Networks_LH_ContA_PFCl_2","ContA",-48,6,28
23,"7Networks_LH_DorsAttn_FEF_1","DorsAttn",20,"17Networks_LH_DorsAttnB_FEF_1","DorsAttnB",-26,-3,59
24,"7Networks_LH_SalVentAttn_ParOper_1","SalVentAttn",21,"17Networks_LH_SalVentAttnA_ParOper_1","SalVentAttnA",-59,-38,29
25,"7Networks_LH_SalVentAttn_FrOperIns_1","SalVentAttn",22,"17Networks_LH_SalVentAttnA_Ins_1","SalVentAttnA",-41,-1,-7
26,"7Networks_LH_SalVentAttn_FrOperIns_2","SalVentAttn",23,"17Networks_LH_SalVentAttnA_Ins_2","SalVentAttnA",-38,12,6
27,"7Networks_LH_SalVentAttn_PFCl_1","SalVentAttn",26,"17Networks_LH_SalVentAttnB_PFCl_1","SalVentAttnB",-30,44,30
28,"7Networks_LH_SalVentAttn_Med_1","SalVentAttn",27,"17Networks_LH_SalVentAttnB_PFCmp_1","SalVentAttnB",-5,20,34
29,"7Networks_LH_SalVentAttn_Med_2","SalVentAttn",24,"17Networks_LH_SalVentAttnA_ParMed_1","SalVentAttnA",-11,-34,45
30,"7Networks_LH_SalVentAttn_Med_3","SalVentAttn",25,"17Networks_LH_SalVentAttnA_FrMed_1","SalVentAttnA",-6,4,62
31,"7Networks_LH_Limbic_OFC_1","Limbic",28,"17Networks_LH_LimbicB_OFC_1","LimbicB",-14,32,-20
32,"7Networks_LH_Limbic_TempPole_1","Limbic",29,"17Networks_LH_LimbicA_TempPole_1","LimbicA",-32,2,-37
33,"7Networks_LH_Limbic_TempPole_2","Limbic",30,"17Networks_LH_LimbicA_TempPole_2","LimbicA",-57,-33,-21
34,"7Networks_LH_Cont_Par_1","Cont",31,"17Networks_LH_ContA_IPS_1","ContA",-37,-53,46
35,"7Networks_LH_Cont_PFCl_1","Cont",32,"17Networks_LH_ContA_PFCl_1","ContA",-43,33,21
36,"7Networks_LH_Cont_pCun_1","Cont",35,"17Networks_LH_ContC_pCun_1","ContC",-9,-73,38
37,"7Networks_LH_Cont_Cing_1","Cont",37,"17Networks_LH_ContC_Cingp_1","ContC",-4,-26,33
38,"7Networks_LH_Default_Temp_1","Default",41,"17Networks_LH_DefaultB_Temp_1","DefaultB",-55,-4,-20
39,"7Networks_LH_Default_Temp_2","Default",42,"17Networks_LH_DefaultB_Temp_2","DefaultB",-58,-32,-1
40,"7Networks_LH_Default_Par_1","Default",50,"17Networks_LH_TempPar_1","TempPar",-57,-50,12
41,"7Networks_LH_Default_Par_2","Default",43,"17Networks_LH_DefaultB_IPL_1","DefaultB",-48,-63,35
42,"7Networks_LH_Default_PFC_1","Default",46,"17Networks_LH_DefaultB_PFCv_1","DefaultB",-35,21,-11
43,"7Networks_LH_Default_PFC_2","Default",47,"17Networks_LH_DefaultB_PFCv_2","DefaultB",-47,33,-3
44,"7Networks_LH_Default_PFC_3","Default",40,"17Networks_LH_DefaultA_PFCm_1","DefaultA",-6,47,0
45,"7Networks_LH_Default_PFC_4","Default",34,"17Networks_LH_ContB_PFClv_1","ContB",-24,61,-1
46,"7Networks_LH_Default_PFC_5","Default",44,"17Networks_LH_DefaultB_PFCd_1","DefaultB",-9,48,41
47,"7Networks_LH_Default_PFC_6","Default",45,"17Networks_LH_DefaultB_PFCl_1","DefaultB",-41,14,48
48,"7Networks_LH_Default_PFC_7","Default",38,"17Networks_LH_DefaultA_PFCd_1","DefaultA",-25,20,51
49,"7Networks_LH_Default_pCunPCC_1","Default",48,"17Networks_LH_DefaultC_Rsp_1","DefaultC",-11,-56,13
50,"7Networks_LH_Default_pCunPCC_2","Default",39,"17Networks_LH_DefaultA_pCunPCC_1","DefaultA",-6,-53,33
51,"7Networks_RH_Vis_1","Vis",97,"17Networks_RH_DefaultC_PHC_1","DefaultC",32,-31,-22
52,"7Networks_RH_Vis_2","Vis",51,"17Networks_RH_VisCent_ExStr_1","VisCent",27,-66,-12
53,"7Networks_RH_Vis_3","Vis",65,"17Networks_RH_DorsAttnA_TempOcc_1","DorsAttnA",49,-60,-11
54,"7Networks_RH_Vis_4","Vis",52,"17Networks_RH_VisCent_ExStr_2","VisCent",22,-96,-5
55,"7Networks_RH_Vis_5","Vis",54,"17Networks_RH_VisPeri_StriCal_1","VisPeri",8,-76,5
56,"7Networks_RH_Vis_6","Vis",55,"17Networks_RH_VisPeri_ExStrInf_1","VisPeri",17,-57,5
57,"7Networks_RH_Vis_7","Vis",53,"17Networks_RH_VisCent_ExStr_3","VisCent",36,-82,16
58,"7Networks_RH_Vis_8","Vis",56,"17Networks_RH_VisPeri_ExStrSup_1","VisPeri",13,-86,29
59,"7Networks_RH_SomMot_1","SomMot",61,"17Networks_RH_SomMotB_Aud_1","SomMotB",53,-16,7
60,"7Networks_RH_SomMot_2","SomMot",62,"17Networks_RH_SomMotB_S2_1","SomMotB",40,-15,15
61,"7Networks_RH_SomMot_3","SomMot",63,"17Networks_RH_SomMotB_S2_2","SomMotB",57,-4,11
62,"7Networks_RH_SomMot_4","SomMot",64,"17Networks_RH_SomMotB_Cent_1","SomMotB",58,-5,31
63,"7Networks_RH_SomMot_5","SomMot",57,"17Networks_RH_SomMotA_1","SomMotA",47,-11,48
64,"7Networks_RH_SomMot_6","SomMot",58,"17Networks_RH_SomMotA_2","SomMotA",41,-22,60
65,"7Networks_RH_SomMot_7","SomMot",59,"17Networks_RH_SomMotA_3","SomMotA",30,-37,64
66,"7Networks_RH_SomMot_8","SomMot",60,"17Networks_RH_SomMotA_4","SomMotA",6,-26,70
67,"7Networks_RH_DorsAttn_Post_1","DorsAttn",66,"17Networks_RH_DorsAttnA_ParOcc_1","DorsAttnA",50,-62,16
68,"7Networks_RH_DorsAttn_Post_2","DorsAttn",68,"17Networks_RH_DorsAttnB_PostC_1","DorsAttnB",50,-24,42
69,"7Networks_RH_DorsAttn_Post_3","DorsAttn",80,"17Networks_RH_ContA_IPS_1","ContA",38,-45,49
70,"7Networks_RH_DorsAttn_Post_4","DorsAttn",67,"17Networks_RH_DorsAttnA_SPL_1","DorsAttnA",27,-67,51
71,"7Networks_RH_DorsAttn_Post_5","DorsAttn",69,"17Networks_RH_DorsAttnB_PostC_2","DorsAttnB",14,-52,66
72,"7Networks_RH_DorsAttn_PrCv_1","DorsAttn",82,"17Networks_RH_ContA_PFCl_2","ContA",49,10,27
73,"7Networks_RH_DorsAttn_FEF_1","DorsAttn",70,"17Networks_RH_DorsAttnB_FEF_1","DorsAttnB",28,-3,59
74,"7Networks_RH_SalVentAttn_TempOccPar_1","SalVentAttn",100,"17Networks_RH_TempPar_3","TempPar",58,-42,13
75,"7Networks_RH_SalVentAttn_TempOccPar_2","SalVentAttn",71,"17Networks_RH_SalVentAttnA_ParOper_1","SalVentAttnA",61,-26,27
76,"7Networks_RH_SalVentAttn_FrOperIns_1","SalVentAttn",72,"17Networks_RH_SalVentAttnA_Ins_1","SalVentAttnA",40,8,1
77,"7Networks_RH_SalVentAttn_Med_1","SalVentAttn",73,"17Networks_RH_SalVentAttnA_ParMed_1","SalVentAttnA",11,-31,45
78,"7Networks_RH_SalVentAttn_Med_2","SalVentAttn",74,"17Networks_RH_SalVentAttnA_FrMed_1","SalVentAttnA",7,6,52
79,"7Networks_RH_Limbic_OFC_1","Limbic",78,"17Networks_RH_LimbicB_OFC_1","LimbicB",12,35,-20
80,"7Networks_RH_Limbic_TempPole_1","Limbic",79,"17Networks_RH_LimbicA_TempPole_1","LimbicA",38,1,-38
81,"7Networks_RH_Cont_Par_1","Cont",75,"17Networks_RH_SalVentAttnB_IPL_1","SalVentAttnB",57,-39,44
82,"7Networks_RH_Cont_Par_2","Cont",84,"17Networks_RH_ContB_IPL_1","ContB",45,-63,46
83,"7Networks_RH_Cont_PFCl_1","Cont",86,"17Networks_RH_ContB_PFClv_1","ContB",30,58,-3
84,"7Networks_RH_Cont_PFCl_2","Cont",81,"17Networks_RH_ContA_PFCl_1","ContA",45,39,15
85,"7Networks_RH_Cont_PFCl_3","Cont",76,"17Networks_RH_SalVentAttnB_PFCl_1","SalVentAttnB",32,46,29
86,"7Networks_RH_Cont_PFCl_4","Cont",85,"17Networks_RH_ContB_PFCld_1","ContB",43,16,45
87,"7Networks_RH_Cont_Cing_1","Cont",87,"17Networks_RH_ContC_Cingp_1","ContC",5,-27,33
88,"7Networks_RH_Cont_PFCmp_1","Cont",77,"17Networks_RH_SalVentAttnB_PFCmp_1","SalVentAttnB",6,28,30
89,"7Networks_RH_Cont_pCun_1","Cont",88,"17Networks_RH_ContC_pCun_1","ContC",9,-66,43
90,"7Networks_RH_Default_Par_1","Default",89,"17Networks_RH_DefaultA_IPL_1","DefaultA",55,-51,31
91,"7Networks_RH_Default_Temp_1","Default",83,"17Networks_RH_ContB_Temp_1","ContB",62,-23,-19
92,"7Networks_RH_Default_Temp_2","Default",98,"17Networks_RH_TempPar_1","TempPar",51,7,-18
93,"7Networks_RH_Default_Temp_3","Default",99,"17Networks_RH_TempPar_2","TempPar",57,-26,-2
94,"7Networks_RH_Default_PFCv_1","Default",94,"17Networks_RH_DefaultB_PFCv_1","DefaultB",35,26,-15
95,"7Networks_RH_Default_PFCv_2","Default",95,"17Networks_RH_DefaultB_PFCv_2","DefaultB",51,28,0
96,"7Networks_RH_Default_PFCdPFCm_1","Default",92,"17Networks_RH_DefaultA_PFCm_1","DefaultA",7,48,1
97,"7Networks_RH_Default_PFCdPFCm_2","Default",93,"17Networks_RH_DefaultB_PFCd_1","DefaultB",11,50,39
98,"7Networks_RH_Default_PFCdPFCm_3","Default",90,"17Networks_RH_DefaultA_PFCd_1","DefaultA",26,24,50
99,"7Networks_RH_Default_pCunPCC_1","Default",96,"17Networks_RH_DefaultC_Rsp_1","DefaultC",12,-54,14
100,"7Networks_RH_Default_pCunPCC_2","Default",91,"17Networks_RH_DefaultA_pCunPCC_1","DefaultA",7,-52,31
